Title: Cheeseburger Casserole - Dinner,Ingredients: Beef.,Instructions:  

Ingredients:
- 1 lb. ground beef
- 1 cup diced onion
- 1 cup diced celery
- 1 cup ketchup
- 2 cups Cheddar cheese (shredded)
- 4 cup biscuit mix
- 1 cup milk
- Salt and pepper to taste

Instructions:

1. Preheat your oven to 375 degrees F (190 degrees C).

2. In a large skillet, cook the ground beef over medium-high heat until it's no longer pink, breaking it up as it cooks. Stir in the onions and celery until they are evenly distributed and cooked through.

3. Grease a 9x13 inch baking dish. Spread the beef mixture evenly over the bottom of the dish, and top it with the ketchup. Sprinkle the cheese over the top.

4. In a medium bowl, combine the biscuit mix, milk, salt, and pepper until a thick dough forms. Drop this mixture by spoonfuls over the top of the casserole.

5. Bake in preheated oven for 25 to 30 minutes, or until biscuit mixture is golden brown.
Title: Rice Porridge - Breakfast,Ingredients: rice,Instructions: 

Ingredients:
1/2 cup of uncooked long-grain white rice
3 cups of cold water
Pinch of salt

Instructions:
1. Bring the 3 cups of water to a boil in a saucepan over medium heat.

2. Add a pinch of salt to the boiling water then gradually stir in the uncooked rice.

3. Reduce the heat to low and allow the rice to cook for approximately 10 minutes, stirring occasionally.

4. Keep cooking until the rice is soft and all the water has been absorbed.

5. Serve the porridge hot with honey, nuts, or fresh fruit if desired.
Title: Scrambled Eggs with Cheese and Chives - Lunch,Ingredients: Egg.,Instructions: 

Ingredients: 
• 2 eggs 
• 2 tablespoons shredded cheese 
• 2 tablespoons chopped chives (fresh or dried) 
• 1 tablespoon olive oil 
• Salt and pepper, to taste 

Instructions:
1. Crack the eggs into a medium-sized bowl and whisk until well-mixed.
2. Heat a medium-sized skillet on medium heat, and add the olive oil.
3. Pour the egg mixture into the pan and allow to sit for about one minute.
4. When the edges of the egg are beginning to set, begin to scramble with a rubber spatula.
5. Once the eggs are about halfway cooked, add the shredded cheese and chives.
6. Continue to scramble until eggs are completely set and cheese is melted.
7. Season with salt and pepper, to taste. 
8. Serve warm. Enjoy!
